{
  "info": {
    "_postman_id": "bcbc8b11-ac29-4dae-a11c-5b5f79d2ad29",
    "name": "Malaz API v1 - Full Tested",
    "description": "Complete Postman collection for all public and admin APIs in /api/v1. Includes sample payloads, auth chaining, id capture tests, and new home/project gallery fields.",
    "schema": "https://schema.getpostman.com/json/collection/v2.1.0/collection.json",
    "_exporter_id": "32784387",
    "_collection_link": "https://go.postman.co/collection/32784387-bcbc8b11-ac29-4dae-a11c-5b5f79d2ad29?source=collection_link"
  },
  "item": [
    {
      "name": "00 Auth",
      "item": [
        {
          "name": "Admin Login",
          "event": [
            {
              "listen": "test",
              "script": {
                "type": "text/javascript",
                "exec": [
                  "const j = pm.response.json();",
                  "if (j.data && j.data.token) pm.collectionVariables.set('admin_token', j.data.token);",
                  "pm.test('Token captured', function () {",
                  "  pm.expect(pm.collectionVariables.get('admin_token')).to.not.be.empty;",
                  "});"
                ]
              }
            }
          ],
          "request": {
            "method": "POST",
            "header": [
              {
                "key": "Content-Type",
                "value": "application/json"
              }
            ],
            "body": {
              "mode": "raw",
              "raw": "{\n  \"email\": \"{{admin_email}}\",\n  \"password\": \"{{admin_password}}\"\n}"
            },
            "url": {
              "raw": "{{base_url}}/api/v1/admin/auth/login",
              "host": [
                "{{base_url}}"
              ],
              "path": [
                "api",
                "v1",
                "admin",
                "auth",
                "login"
              ]
            },
            "description": "Login and capture bearer token."
          },
          "response": []
        },
        {
          "name": "Admin Me",
          "request": {
            "auth": {
              "type": "bearer",
              "bearer": [
                {
                  "key": "token",
                  "value": "{{admin_token}}",
                  "type": "string"
                }
              ]
            },
            "method": "GET",
            "header": [],
            "url": {
              "raw": "{{base_url}}/api/v1/admin/me",
              "host": [
                "{{base_url}}"
              ],
              "path": [
                "api",
                "v1",
                "admin",
                "me"
              ]
            }
          },
          "response": []
        },
        {
          "name": "Admin Logout",
          "request": {
            "auth": {
              "type": "bearer",
              "bearer": [
                {
                  "key": "token",
                  "value": "{{admin_token}}",
                  "type": "string"
                }
              ]
            },
            "method": "POST",
            "header": [],
            "url": {
              "raw": "{{base_url}}/api/v1/admin/auth/logout",
              "host": [
                "{{base_url}}"
              ],
              "path": [
                "api",
                "v1",
                "admin",
                "auth",
                "logout"
              ]
            }
          },
          "response": []
        }
      ],
      "description": "Admin authentication and session checks."
    },
    {
      "name": "01 Public",
      "item": [
        {
          "name": "Public Home",
          "request": {
            "method": "GET",
            "header": [],
            "url": {
              "raw": "{{base_url}}/api/v1/home",
              "host": [
                "{{base_url}}"
              ],
              "path": [
                "api",
                "v1",
                "home"
              ]
            }
          },
          "response": []
        },
        {
          "name": "Public Owners",
          "request": {
            "method": "GET",
            "header": [],
            "url": {
              "raw": "{{base_url}}/api/v1/owners?per_page=10&page=1&search=test",
              "host": [
                "{{base_url}}"
              ],
              "path": [
                "api",
                "v1",
                "owners"
              ],
              "query": [
                {
                  "key": "per_page",
                  "value": "10"
                },
                {
                  "key": "page",
                  "value": "1"
                },
                {
                  "key": "search",
                  "value": "test"
                }
              ]
            }
          },
          "response": []
        },
        {
          "name": "Public Projects",
          "request": {
            "method": "GET",
            "header": [],
            "url": {
              "raw": "{{base_url}}/api/v1/projects?per_page=10&page=1&search=test",
              "host": [
                "{{base_url}}"
              ],
              "path": [
                "api",
                "v1",
                "projects"
              ],
              "query": [
                {
                  "key": "per_page",
                  "value": "10"
                },
                {
                  "key": "page",
                  "value": "1"
                },
                {
                  "key": "search",
                  "value": "test"
                }
              ]
            }
          },
          "response": []
        },
        {
          "name": "Public Project Show",
          "request": {
            "method": "GET",
            "header": [],
            "url": {
              "raw": "{{base_url}}/api/v1/projects/{{project_id}}",
              "host": [
                "{{base_url}}"
              ],
              "path": [
                "api",
                "v1",
                "projects",
                "{{project_id}}"
              ]
            }
          },
          "response": []
        },
        {
          "name": "Public Blogs",
          "request": {
            "method": "GET",
            "header": [],
            "url": {
              "raw": "{{base_url}}/api/v1/blogs?per_page=10&page=1",
              "host": [
                "{{base_url}}"
              ],
              "path": [
                "api",
                "v1",
                "blogs"
              ],
              "query": [
                {
                  "key": "per_page",
                  "value": "10"
                },
                {
                  "key": "page",
                  "value": "1"
                }
              ]
            }
          },
          "response": []
        },
        {
          "name": "Public Blog Show",
          "request": {
            "method": "GET",
            "header": [],
            "url": {
              "raw": "{{base_url}}/api/v1/blogs/{{blog_slug}}",
              "host": [
                "{{base_url}}"
              ],
              "path": [
                "api",
                "v1",
                "blogs",
                "{{blog_slug}}"
              ]
            }
          },
          "response": []
        },
        {
          "name": "Public Platforms",
          "request": {
            "method": "GET",
            "header": [],
            "url": {
              "raw": "{{base_url}}/api/v1/platforms",
              "host": [
                "{{base_url}}"
              ],
              "path": [
                "api",
                "v1",
                "platforms"
              ]
            }
          },
          "response": []
        },
        {
          "name": "Public Contact",
          "event": [
            {
              "listen": "test",
              "script": {
                "type": "text/javascript",
                "exec": [
                  "const j = pm.response.json();",
                  "if (j.data && j.data.id) pm.collectionVariables.set('contact_id', j.data.id);"
                ]
              }
            }
          ],
          "request": {
            "method": "POST",
            "header": [
              {
                "key": "Content-Type",
                "value": "application/json"
              }
            ],
            "body": {
              "mode": "raw",
              "raw": "{\n  \"name\": \"Postman QA\",\n  \"email\": \"qa@example.com\",\n  \"phone\": \"01012345678\",\n  \"whatsapp\": \"01012345678\",\n  \"msg\": \"Need proposal\"\n}"
            },
            "url": {
              "raw": "{{base_url}}/api/v1/contact",
              "host": [
                "{{base_url}}"
              ],
              "path": [
                "api",
                "v1",
                "contact"
              ]
            }
          },
          "response": []
        }
      ],
      "description": "Public website APIs."
    },
    {
      "name": "02 Contact Admin",
      "item": [
        {
          "name": "Admin Contacts List",
          "request": {
            "auth": {
              "type": "bearer",
              "bearer": [
                {
                  "key": "token",
                  "value": "{{admin_token}}",
                  "type": "string"
                }
              ]
            },
            "method": "GET",
            "header": [],
            "url": {
              "raw": "{{base_url}}/api/v1/admin/contact-messages?per_page=10&page=1",
              "host": [
                "{{base_url}}"
              ],
              "path": [
                "api",
                "v1",
                "admin",
                "contact-messages"
              ],
              "query": [
                {
                  "key": "per_page",
                  "value": "10"
                },
                {
                  "key": "page",
                  "value": "1"
                }
              ]
            }
          },
          "response": []
        },
        {
          "name": "Admin Contacts Show",
          "request": {
            "auth": {
              "type": "bearer",
              "bearer": [
                {
                  "key": "token",
                  "value": "{{admin_token}}",
                  "type": "string"
                }
              ]
            },
            "method": "GET",
            "header": [],
            "url": {
              "raw": "{{base_url}}/api/v1/admin/contact-messages/{{contact_id}}",
              "host": [
                "{{base_url}}"
              ],
              "path": [
                "api",
                "v1",
                "admin",
                "contact-messages",
                "{{contact_id}}"
              ]
            }
          },
          "response": []
        },
        {
          "name": "Admin Contacts Status",
          "request": {
            "auth": {
              "type": "bearer",
              "bearer": [
                {
                  "key": "token",
                  "value": "{{admin_token}}",
                  "type": "string"
                }
              ]
            },
            "method": "PATCH",
            "header": [
              {
                "key": "Content-Type",
                "value": "application/json"
              }
            ],
            "body": {
              "mode": "raw",
              "raw": "{\n  \"status\": \"read\"\n}"
            },
            "url": {
              "raw": "{{base_url}}/api/v1/admin/contact-messages/{{contact_id}}/status",
              "host": [
                "{{base_url}}"
              ],
              "path": [
                "api",
                "v1",
                "admin",
                "contact-messages",
                "{{contact_id}}",
                "status"
              ]
            }
          },
          "response": []
        },
        {
          "name": "Admin Contacts Delete",
          "request": {
            "auth": {
              "type": "bearer",
              "bearer": [
                {
                  "key": "token",
                  "value": "{{admin_token}}",
                  "type": "string"
                }
              ]
            },
            "method": "DELETE",
            "header": [],
            "url": {
              "raw": "{{base_url}}/api/v1/admin/contact-messages/{{contact_id}}",
              "host": [
                "{{base_url}}"
              ],
              "path": [
                "api",
                "v1",
                "admin",
                "contact-messages",
                "{{contact_id}}"
              ]
            }
          },
          "response": []
        }
      ]
    },
    {
      "name": "03 Owners Admin",
      "item": [
        {
          "name": "Admin Owners List",
          "request": {
            "auth": {
              "type": "bearer",
              "bearer": [
                {
                  "key": "token",
                  "value": "{{admin_token}}",
                  "type": "string"
                }
              ]
            },
            "method": "GET",
            "header": [],
            "url": {
              "raw": "{{base_url}}/api/v1/admin/owners?per_page=10&page=1&search=test",
              "host": [
                "{{base_url}}"
              ],
              "path": [
                "api",
                "v1",
                "admin",
                "owners"
              ],
              "query": [
                {
                  "key": "per_page",
                  "value": "10"
                },
                {
                  "key": "page",
                  "value": "1"
                },
                {
                  "key": "search",
                  "value": "test"
                }
              ]
            }
          },
          "response": []
        },
        {
          "name": "Admin Owner Create",
          "event": [
            {
              "listen": "test",
              "script": {
                "type": "text/javascript",
                "exec": [
                  "const j = pm.response.json(); if (j.data && j.data.id) pm.collectionVariables.set('owner_id', j.data.id);"
                ]
              }
            }
          ],
          "request": {
            "auth": {
              "type": "bearer",
              "bearer": [
                {
                  "key": "token",
                  "value": "{{admin_token}}",
                  "type": "string"
                }
              ]
            },
            "method": "POST",
            "header": [
              {
                "key": "Content-Type",
                "value": "application/json"
              }
            ],
            "body": {
              "mode": "raw",
              "raw": "{\n  \"name_ar\": \"Owner Ar\",\n  \"name_en\": \"Owner\",\n  \"title_ar\": \"Title Ar\",\n  \"title_en\": \"Title\"\n}"
            },
            "url": {
              "raw": "{{base_url}}/api/v1/admin/owners",
              "host": [
                "{{base_url}}"
              ],
              "path": [
                "api",
                "v1",
                "admin",
                "owners"
              ]
            }
          },
          "response": []
        },
        {
          "name": "Admin Owner Show",
          "request": {
            "auth": {
              "type": "bearer",
              "bearer": [
                {
                  "key": "token",
                  "value": "{{admin_token}}",
                  "type": "string"
                }
              ]
            },
            "method": "GET",
            "header": [],
            "url": {
              "raw": "{{base_url}}/api/v1/admin/owners/{{owner_id}}",
              "host": [
                "{{base_url}}"
              ],
              "path": [
                "api",
                "v1",
                "admin",
                "owners",
                "{{owner_id}}"
              ]
            }
          },
          "response": []
        },
        {
          "name": "Admin Owner Update",
          "request": {
            "auth": {
              "type": "bearer",
              "bearer": [
                {
                  "key": "token",
                  "value": "{{admin_token}}",
                  "type": "string"
                }
              ]
            },
            "method": "PUT",
            "header": [
              {
                "key": "Content-Type",
                "value": "application/json"
              }
            ],
            "body": {
              "mode": "raw",
              "raw": "{\n  \"name_ar\": \"Owner Ar Updated\",\n  \"name_en\": \"Owner Updated\"\n}"
            },
            "url": {
              "raw": "{{base_url}}/api/v1/admin/owners/{{owner_id}}",
              "host": [
                "{{base_url}}"
              ],
              "path": [
                "api",
                "v1",
                "admin",
                "owners",
                "{{owner_id}}"
              ]
            }
          },
          "response": []
        },
        {
          "name": "Admin Owner Delete",
          "request": {
            "auth": {
              "type": "bearer",
              "bearer": [
                {
                  "key": "token",
                  "value": "{{admin_token}}",
                  "type": "string"
                }
              ]
            },
            "method": "DELETE",
            "header": [],
            "url": {
              "raw": "{{base_url}}/api/v1/admin/owners/{{owner_id}}",
              "host": [
                "{{base_url}}"
              ],
              "path": [
                "api",
                "v1",
                "admin",
                "owners",
                "{{owner_id}}"
              ]
            }
          },
          "response": []
        }
      ]
    },
    {
      "name": "04 Projects Admin",
      "item": [
        {
          "name": "Admin Projects List",
          "request": {
            "auth": {
              "type": "bearer",
              "bearer": [
                {
                  "key": "token",
                  "value": "{{admin_token}}",
                  "type": "string"
                }
              ]
            },
            "method": "GET",
            "header": [],
            "url": {
              "raw": "{{base_url}}/api/v1/admin/projects?per_page=10&page=1&search=test",
              "host": [
                "{{base_url}}"
              ],
              "path": [
                "api",
                "v1",
                "admin",
                "projects"
              ],
              "query": [
                {
                  "key": "per_page",
                  "value": "10"
                },
                {
                  "key": "page",
                  "value": "1"
                },
                {
                  "key": "search",
                  "value": "test"
                }
              ]
            }
          },
          "response": []
        },
        {
          "name": "Admin Project Create",
          "event": [
            {
              "listen": "test",
              "script": {
                "type": "text/javascript",
                "exec": [
                  "const j = pm.response.json(); if (j.data && j.data.id) pm.collectionVariables.set('project_id', j.data.id);"
                ]
              }
            }
          ],
          "request": {
            "auth": {
              "type": "bearer",
              "bearer": [
                {
                  "key": "token",
                  "value": "{{admin_token}}",
                  "type": "string"
                }
              ]
            },
            "method": "POST",
            "header": [
              {
                "key": "Content-Type",
                "value": "application/json"
              }
            ],
            "body": {
              "mode": "raw",
              "raw": "{\n  \"name_ar\": \"Project Ar\",\n  \"name_en\": \"Project\",\n  \"description_ar\": \"Desc ar\",\n  \"description_en\": \"Desc\",\n  \"location_ar\": \"Cairo\",\n  \"location_en\": \"Cairo\",\n  \"is_featured_home\": true\n}"
            },
            "url": {
              "raw": "{{base_url}}/api/v1/admin/projects",
              "host": [
                "{{base_url}}"
              ],
              "path": [
                "api",
                "v1",
                "admin",
                "projects"
              ]
            }
          },
          "response": []
        },
        {
          "name": "Admin Project Show",
          "request": {
            "auth": {
              "type": "bearer",
              "bearer": [
                {
                  "key": "token",
                  "value": "{{admin_token}}",
                  "type": "string"
                }
              ]
            },
            "method": "GET",
            "header": [],
            "url": {
              "raw": "{{base_url}}/api/v1/admin/projects/{{project_id}}",
              "host": [
                "{{base_url}}"
              ],
              "path": [
                "api",
                "v1",
                "admin",
                "projects",
                "{{project_id}}"
              ]
            }
          },
          "response": []
        },
        {
          "name": "Admin Project Update",
          "request": {
            "auth": {
              "type": "bearer",
              "bearer": [
                {
                  "key": "token",
                  "value": "{{admin_token}}",
                  "type": "string"
                }
              ]
            },
            "method": "PUT",
            "header": [
              {
                "key": "Content-Type",
                "value": "application/json"
              }
            ],
            "body": {
              "mode": "raw",
              "raw": "{\n  \"name_ar\": \"Project Ar Updated\",\n  \"name_en\": \"Project Updated\",\n  \"description_ar\": \"Desc ar updated\",\n  \"description_en\": \"Desc updated\",\n  \"location_ar\": \"Riyadh\",\n  \"location_en\": \"Riyadh\",\n  \"is_featured_home\": true\n}"
            },
            "url": {
              "raw": "{{base_url}}/api/v1/admin/projects/{{project_id}}",
              "host": [
                "{{base_url}}"
              ],
              "path": [
                "api",
                "v1",
                "admin",
                "projects",
                "{{project_id}}"
              ]
            }
          },
          "response": []
        },
        {
          "name": "Admin Project Gallery Add",
          "event": [
            {
              "listen": "test",
              "script": {
                "type": "text/javascript",
                "exec": [
                  "const j = pm.response.json(); if (j.data && j.data.id) pm.collectionVariables.set('project_image_id', j.data.id);"
                ]
              }
            }
          ],
          "request": {
            "auth": {
              "type": "bearer",
              "bearer": [
                {
                  "key": "token",
                  "value": "{{admin_token}}",
                  "type": "string"
                }
              ]
            },
            "method": "POST",
            "header": [],
            "body": {
              "mode": "formdata",
              "formdata": [
                {
                  "key": "image",
                  "type": "file",
                  "src": "{{sample_image_path}}"
                },
                {
                  "key": "name",
                  "type": "text",
                  "value": "Main render"
                },
                {
                  "key": "sort_order",
                  "type": "text",
                  "value": "1"
                }
              ]
            },
            "url": {
              "raw": "{{base_url}}/api/v1/admin/projects/{{project_id}}/gallery",
              "host": [
                "{{base_url}}"
              ],
              "path": [
                "api",
                "v1",
                "admin",
                "projects",
                "{{project_id}}",
                "gallery"
              ]
            }
          },
          "response": []
        },
        {
          "name": "Admin Project Gallery Update",
          "request": {
            "auth": {
              "type": "bearer",
              "bearer": [
                {
                  "key": "token",
                  "value": "{{admin_token}}",
                  "type": "string"
                }
              ]
            },
            "method": "PATCH",
            "header": [],
            "body": {
              "mode": "formdata",
              "formdata": [
                {
                  "key": "name",
                  "type": "text",
                  "value": "Main render updated"
                },
                {
                  "key": "sort_order",
                  "type": "text",
                  "value": "2"
                }
              ]
            },
            "url": {
              "raw": "{{base_url}}/api/v1/admin/projects/{{project_id}}/gallery/{{project_image_id}}",
              "host": [
                "{{base_url}}"
              ],
              "path": [
                "api",
                "v1",
                "admin",
                "projects",
                "{{project_id}}",
                "gallery",
                "{{project_image_id}}"
              ]
            }
          },
          "response": []
        },
        {
          "name": "Admin Project Gallery Delete",
          "request": {
            "auth": {
              "type": "bearer",
              "bearer": [
                {
                  "key": "token",
                  "value": "{{admin_token}}",
                  "type": "string"
                }
              ]
            },
            "method": "DELETE",
            "header": [],
            "url": {
              "raw": "{{base_url}}/api/v1/admin/projects/{{project_id}}/gallery/{{project_image_id}}",
              "host": [
                "{{base_url}}"
              ],
              "path": [
                "api",
                "v1",
                "admin",
                "projects",
                "{{project_id}}",
                "gallery",
                "{{project_image_id}}"
              ]
            }
          },
          "response": []
        },
        {
          "name": "Admin Project Delete",
          "request": {
            "auth": {
              "type": "bearer",
              "bearer": [
                {
                  "key": "token",
                  "value": "{{admin_token}}",
                  "type": "string"
                }
              ]
            },
            "method": "DELETE",
            "header": [],
            "url": {
              "raw": "{{base_url}}/api/v1/admin/projects/{{project_id}}",
              "host": [
                "{{base_url}}"
              ],
              "path": [
                "api",
                "v1",
                "admin",
                "projects",
                "{{project_id}}"
              ]
            }
          },
          "response": []
        }
      ],
      "description": "Includes new `is_featured_home` project flag and gallery image name/sort support."
    },
    {
      "name": "05 Blogs Admin",
      "item": [
        {
          "name": "Admin Blogs List",
          "request": {
            "auth": {
              "type": "bearer",
              "bearer": [
                {
                  "key": "token",
                  "value": "{{admin_token}}",
                  "type": "string"
                }
              ]
            },
            "method": "GET",
            "header": [],
            "url": {
              "raw": "{{base_url}}/api/v1/admin/blogs?per_page=10&page=1",
              "host": [
                "{{base_url}}"
              ],
              "path": [
                "api",
                "v1",
                "admin",
                "blogs"
              ],
              "query": [
                {
                  "key": "per_page",
                  "value": "10"
                },
                {
                  "key": "page",
                  "value": "1"
                }
              ]
            }
          },
          "response": []
        },
        {
          "name": "Admin Blog Create",
          "event": [
            {
              "listen": "test",
              "script": {
                "type": "text/javascript",
                "exec": [
                  "const j = pm.response.json(); if (j.data) { if (j.data.id) pm.collectionVariables.set('blog_id', j.data.id); if (j.data.slug) pm.collectionVariables.set('blog_slug', j.data.slug); }"
                ]
              }
            }
          ],
          "request": {
            "auth": {
              "type": "bearer",
              "bearer": [
                {
                  "key": "token",
                  "value": "{{admin_token}}",
                  "type": "string"
                }
              ]
            },
            "method": "POST",
            "header": [
              {
                "key": "Content-Type",
                "value": "application/json"
              }
            ],
            "body": {
              "mode": "raw",
              "raw": "{\n  \"title_ar\": \"Blog Ar\",\n  \"title_en\": \"Blog\",\n  \"is_published\": true,\n  \"paragraphs\": [\n    {\n      \"header_ar\": \"Intro Ar\",\n      \"header_en\": \"Intro\",\n      \"content_ar\": \"Paragraph ar\",\n      \"content_en\": \"Paragraph\",\n      \"sort_order\": 1\n    }\n  ]\n}"
            },
            "url": {
              "raw": "{{base_url}}/api/v1/admin/blogs",
              "host": [
                "{{base_url}}"
              ],
              "path": [
                "api",
                "v1",
                "admin",
                "blogs"
              ]
            }
          },
          "response": []
        },
        {
          "name": "Admin Blog Show",
          "request": {
            "auth": {
              "type": "bearer",
              "bearer": [
                {
                  "key": "token",
                  "value": "{{admin_token}}",
                  "type": "string"
                }
              ]
            },
            "method": "GET",
            "header": [],
            "url": {
              "raw": "{{base_url}}/api/v1/admin/blogs/{{blog_id}}",
              "host": [
                "{{base_url}}"
              ],
              "path": [
                "api",
                "v1",
                "admin",
                "blogs",
                "{{blog_id}}"
              ]
            }
          },
          "response": []
        },
        {
          "name": "Admin Blog Update",
          "request": {
            "auth": {
              "type": "bearer",
              "bearer": [
                {
                  "key": "token",
                  "value": "{{admin_token}}",
                  "type": "string"
                }
              ]
            },
            "method": "PUT",
            "header": [
              {
                "key": "Content-Type",
                "value": "application/json"
              }
            ],
            "body": {
              "mode": "raw",
              "raw": "{\n  \"title_ar\": \"Blog Ar Updated\",\n  \"title_en\": \"Blog Updated\",\n  \"is_published\": true,\n  \"paragraphs\": [\n    {\n      \"header_ar\": \"Section Ar\",\n      \"header_en\": \"Section\",\n      \"content_ar\": \"Updated paragraph ar\",\n      \"content_en\": \"Updated paragraph\",\n      \"sort_order\": 1\n    }\n  ]\n}"
            },
            "url": {
              "raw": "{{base_url}}/api/v1/admin/blogs/{{blog_id}}",
              "host": [
                "{{base_url}}"
              ],
              "path": [
                "api",
                "v1",
                "admin",
                "blogs",
                "{{blog_id}}"
              ]
            }
          },
          "response": []
        },
        {
          "name": "Admin Blog Delete",
          "request": {
            "auth": {
              "type": "bearer",
              "bearer": [
                {
                  "key": "token",
                  "value": "{{admin_token}}",
                  "type": "string"
                }
              ]
            },
            "method": "DELETE",
            "header": [],
            "url": {
              "raw": "{{base_url}}/api/v1/admin/blogs/{{blog_id}}",
              "host": [
                "{{base_url}}"
              ],
              "path": [
                "api",
                "v1",
                "admin",
                "blogs",
                "{{blog_id}}"
              ]
            }
          },
          "response": []
        }
      ]
    },
    {
      "name": "06 Home Admin",
      "item": [
        {
          "name": "Admin Home Show",
          "request": {
            "auth": {
              "type": "bearer",
              "bearer": [
                {
                  "key": "token",
                  "value": "{{admin_token}}",
                  "type": "string"
                }
              ]
            },
            "method": "GET",
            "header": [],
            "url": {
              "raw": "{{base_url}}/api/v1/admin/home",
              "host": [
                "{{base_url}}"
              ],
              "path": [
                "api",
                "v1",
                "admin",
                "home"
              ]
            }
          },
          "response": []
        },
        {
          "name": "Admin Home Update",
          "request": {
            "auth": {
              "type": "bearer",
              "bearer": [
                {
                  "key": "token",
                  "value": "{{admin_token}}",
                  "type": "string"
                }
              ]
            },
            "method": "PUT",
            "header": [
              {
                "key": "Content-Type",
                "value": "application/json"
              }
            ],
            "body": {
              "mode": "raw",
              "raw": "{\n  \"headline_text_ar\": \"Headline ar\",\n  \"headline_text_en\": \"Headline\",\n  \"body_text_ar\": \"Body ar\",\n  \"body_text_en\": \"Body\",\n  \"youtube_url\": \"https://www.youtube.com/watch?v=dQw4w9WgXcQ\"\n}"
            },
            "url": {
              "raw": "{{base_url}}/api/v1/admin/home",
              "host": [
                "{{base_url}}"
              ],
              "path": [
                "api",
                "v1",
                "admin",
                "home"
              ]
            }
          },
          "response": []
        },
        {
          "name": "Admin Home Hero Add",
          "event": [
            {
              "listen": "test",
              "script": {
                "type": "text/javascript",
                "exec": [
                  "const j = pm.response.json(); if (j.data && j.data.id) pm.collectionVariables.set('home_image_id', j.data.id);"
                ]
              }
            }
          ],
          "request": {
            "auth": {
              "type": "bearer",
              "bearer": [
                {
                  "key": "token",
                  "value": "{{admin_token}}",
                  "type": "string"
                }
              ]
            },
            "method": "POST",
            "header": [],
            "body": {
              "mode": "formdata",
              "formdata": [
                {
                  "key": "image",
                  "type": "file",
                  "src": "{{sample_image_path}}"
                },
                {
                  "key": "name",
                  "type": "text",
                  "value": "Skyline Hero"
                },
                {
                  "key": "sort_order",
                  "type": "text",
                  "value": "1"
                }
              ]
            },
            "url": {
              "raw": "{{base_url}}/api/v1/admin/home/hero-gallery",
              "host": [
                "{{base_url}}"
              ],
              "path": [
                "api",
                "v1",
                "admin",
                "home",
                "hero-gallery"
              ]
            }
          },
          "response": []
        },
        {
          "name": "Admin Home Hero Update",
          "request": {
            "auth": {
              "type": "bearer",
              "bearer": [
                {
                  "key": "token",
                  "value": "{{admin_token}}",
                  "type": "string"
                }
              ]
            },
            "method": "PATCH",
            "header": [],
            "body": {
              "mode": "formdata",
              "formdata": [
                {
                  "key": "name",
                  "type": "text",
                  "value": "Skyline Hero Updated"
                },
                {
                  "key": "sort_order",
                  "type": "text",
                  "value": "2"
                }
              ]
            },
            "url": {
              "raw": "{{base_url}}/api/v1/admin/home/hero-gallery/{{home_image_id}}",
              "host": [
                "{{base_url}}"
              ],
              "path": [
                "api",
                "v1",
                "admin",
                "home",
                "hero-gallery",
                "{{home_image_id}}"
              ]
            }
          },
          "response": []
        },
        {
          "name": "Admin Home Hero Delete",
          "request": {
            "auth": {
              "type": "bearer",
              "bearer": [
                {
                  "key": "token",
                  "value": "{{admin_token}}",
                  "type": "string"
                }
              ]
            },
            "method": "DELETE",
            "header": [],
            "url": {
              "raw": "{{base_url}}/api/v1/admin/home/hero-gallery/{{home_image_id}}",
              "host": [
                "{{base_url}}"
              ],
              "path": [
                "api",
                "v1",
                "admin",
                "home",
                "hero-gallery",
                "{{home_image_id}}"
              ]
            }
          },
          "response": []
        }
      ],
      "description": "Includes hero gallery create/update/delete with image name + sort order."
    },
    {
      "name": "07 Platform Links Admin",
      "item": [
        {
          "name": "Admin Platform Links List",
          "request": {
            "auth": {
              "type": "bearer",
              "bearer": [
                {
                  "key": "token",
                  "value": "{{admin_token}}",
                  "type": "string"
                }
              ]
            },
            "method": "GET",
            "header": [],
            "url": {
              "raw": "{{base_url}}/api/v1/admin/platform-links",
              "host": [
                "{{base_url}}"
              ],
              "path": [
                "api",
                "v1",
                "admin",
                "platform-links"
              ]
            }
          },
          "response": []
        },
        {
          "name": "Admin Platform Link Upsert",
          "event": [
            {
              "listen": "test",
              "script": {
                "type": "text/javascript",
                "exec": [
                  "const j = pm.response.json(); if (j.data && j.data.id) pm.collectionVariables.set('platform_link_id', j.data.id);"
                ]
              }
            }
          ],
          "request": {
            "auth": {
              "type": "bearer",
              "bearer": [
                {
                  "key": "token",
                  "value": "{{admin_token}}",
                  "type": "string"
                }
              ]
            },
            "method": "PUT",
            "header": [
              {
                "key": "Content-Type",
                "value": "application/json"
              }
            ],
            "body": {
              "mode": "raw",
              "raw": "{\n  \"url\": \"https://facebook.com/malaz\",\n  \"is_active\": true\n}"
            },
            "url": {
              "raw": "{{base_url}}/api/v1/admin/platform-links/facebook",
              "host": [
                "{{base_url}}"
              ],
              "path": [
                "api",
                "v1",
                "admin",
                "platform-links",
                "facebook"
              ]
            }
          },
          "response": []
        },
        {
          "name": "Admin Platform Link Toggle",
          "request": {
            "auth": {
              "type": "bearer",
              "bearer": [
                {
                  "key": "token",
                  "value": "{{admin_token}}",
                  "type": "string"
                }
              ]
            },
            "method": "PATCH",
            "header": [],
            "url": {
              "raw": "{{base_url}}/api/v1/admin/platform-links/{{platform_link_id}}/toggle",
              "host": [
                "{{base_url}}"
              ],
              "path": [
                "api",
                "v1",
                "admin",
                "platform-links",
                "{{platform_link_id}}",
                "toggle"
              ]
            }
          },
          "response": []
        }
      ]
    }
  ],
  "event": [
    {
      "listen": "test",
      "script": {
        "type": "text/javascript",
        "exec": [
          "pm.test('HTTP status is success', function () {",
          "  pm.expect(pm.response.code).to.be.within(200, 299);",
          "});",
          "pm.test('Response is JSON', function () {",
          "  pm.response.to.be.json;",
          "});",
          "const json = pm.response.json();",
          "pm.test('Envelope has status', function () {",
          "  pm.expect(json).to.have.property('status');",
          "});"
        ]
      }
    }
  ],
  "variable": [
    {
      "key": "base_url",
      "value": "http://127.0.0.1:8000"
    },
    {
      "key": "admin_email",
      "value": "admin@example.com"
    },
    {
      "key": "admin_password",
      "value": "secret"
    },
    {
      "key": "admin_token",
      "value": ""
    },
    {
      "key": "owner_id",
      "value": "1"
    },
    {
      "key": "project_id",
      "value": "1"
    },
    {
      "key": "project_image_id",
      "value": "1"
    },
    {
      "key": "home_image_id",
      "value": "1"
    },
    {
      "key": "blog_id",
      "value": "1"
    },
    {
      "key": "blog_slug",
      "value": "sample-blog"
    },
    {
      "key": "contact_id",
      "value": "1"
    },
    {
      "key": "platform_link_id",
      "value": "1"
    },
    {
      "key": "sample_image_path",
      "value": "C:/tmp/sample.jpg"
    }
  ]
}